<?xml version="1.0" encoding="UTF-8" ?>
<testsamples>
	<image filename="license_plate_ex_1.jpg">
		<license_plate>
			<location>
				<upperleft x="675" y="182" />
				<upperright x="536" y="719" />
				<lowerleft x="577" y="144" />
				<lowerright x="460" y="665" />
			</location>
			<text>31-VS-RP</text>
		</license_plate>
	</image>
	
	<image filename="license_plate_ex_2.jpg">
		<license_plate>
			<location>
				<upperleft x="742" y="632" />
				<upperright x="894" y="643" />
				<lowerleft x="744" y="671" />
				<lowerright x="896" y="679" />
			</location>
			<text>49-TB-SH</text>
		</license_plate>
		<license_plate>
			<location>
				<upperleft x="702" y="1079" />
				<upperright x="858" y="1071" />
				<lowerleft x="701" y="1116" />
				<lowerright x="857" y="1110" />
			</location>
			<text></text>
		</license_plate>
	</image>
	
	<image filename="license_plate_ex_3.jpg">
		<license_plate>
			<location>
				<upperleft x="2586" y="1240" />
				<upperright x="2874" y="1229" />
				<lowerleft x="2608" y="1316" />
				<lowerright x="2901" y="1298" />
			</location>
			<text>BN-RH-56</text>
		</license_plate>
	</image>
	
	<image filename="license_plate_ex_4.jpg">
		<license_plate>
			<location>
				<upperleft x="12" y="7" />
				<upperright x="564" y="7" />
				<lowerleft x="12" y="122" />
				<lowerright x="564" y="122" />
			</location>
			<text>KI-MN-BO</text>
		</license_plate>
	</image>
	
	<image filename="license_plate_ex_5.jpg">
		<license_plate>
			<location>
				<upperleft x="107" y="147" />
				<upperright x="603" y="135" />
				<lowerleft x="109" y="240" />
				<lowerright x="604" y="223" />
			</location>
			<text>48-DN-ZG</text>
		</license_plate>
	</image>
	
	<image filename="license_plate_ex_6.jpg">
		<license_plate>
			<location>
				<upperleft x="178" y="212" />
				<upperright x="266" y="215" />
				<lowerleft x="178" y="234" />
				<lowerright x="265" y="231" />
			</location>
			<text>TRUT25</text>
		</license_plate>
	</image>	
	
	<image filename="license_plate_ex_7.jpg">
		<license_plate>
			<location>
				<upperleft x="122" y="184" />
				<upperright x="353" y="524" />
				<lowerleft x="140" y="540" />
				<lowerright x="209" y="209" />
			</location>
			<text>ST-90-FF</text>
		</license_plate>
	</image>
	
</testsamples>